family,id,name,cost,baseIncome,synergyTypes,upgradePath,maxLevel,reputationPerTurn,synergyCoinBonus,synergyRepBonus,description,tier,trigger,effect,target,targetSynergy,coinDelta,reputationDelta,duration,effectType,multiplier,targetBusiness,incomeBonus,synergyRangeBonus,requiredLevel,reputationBonus,newDisplayName,ongoingCost,handSlotsAdded,refreshCostDiscount,actionsPerTurn,peekOncePerTurn,upgradeCostDiscount,purchaseCostDiscount,art_notes,hasChoices,acceptNextCardId,rejectNextCardId,availableWeekStart,availableWeekEnd,allowedBusinessTypes,coinPercentDelta,taxAuditRate,storylineId,storylineTitle,unitTestStatus,unitTestFailReason,browserTestStatus,browserTestFailReason,marketRelevanceBias,freeMarketRerollPerTurn,drawWeight
business,biz-ms-residential-property-mgmt,Neighbourhood Property Group,500,120,Commerce,Neighbourhood Property Group,3,30,,,A professional property management company overseeing residential blocks. Gains {SYNERGY_RATE} of base income per adjacent Commerce business.,2,,,,,,,,,,,,,,,,65,,,,,,,A modern office building with key-shaped windows and a row of house models on the desk.,,,,,,,,,,,pass,,pass,,,,
business,biz-ms-residential-solar,Residential Solar Co-op,800,200,Service,Residential Solar Co-op,4,45,,,A community-owned solar panel installation company. Gains {SYNERGY_RATE} of base income per adjacent Service business.,3,,,,,,,,,,,,,,,,80,,,,,,,A cluster of solar panels angled toward a warm sunset over suburban rooftops.,,,,,,,,,,,pass,,pass,,,,
business,biz-ms-residential-home-repair,Community Home Repair,350,90,Commerce|Service,Community Home Repair,2,25,,,A reliable home repair service staffed by local tradespeople. Gains {SYNERGY_RATE} of base income per adjacent Commerce or Service business.,2,,,,,,,,,,,,,,,,55,,,,,,,A red toolbox beside a wooden ladder leaning against a freshly painted fence.,,,,,,,,,,,pass,,pass,,,,
upgrade,upg-ms-residential-energy-efficient,Energy-Efficient Home Upgrade,250,,,,,,,,"Retrofits a property business with solar panels and double glazing, increasing income and synergy range.",1,,,,,,,,,,Neighbourhood Property Group,80,1,0,10,Energy-Efficient Upgrade,,,,,,,,A row of houses with blue solar panels on grey roofs and modern double-glazed windows.,,,,,,,,,,,pass,,pass,,,,
upgrade,upg-ms-residential-smart-home,Smart Home Installation,400,,,,,,,,"Installs smart-home technology across a property business, increasing income and synergy range.",2,,,,,,,,,,Residential Solar Co-op,100,1,0,10,Smart Home,,,,,,,,A sleek wall panel with glowing control icons beside a compact thermostat.,,,,,,,,,,,pass,,pass,,,,
event,evt-ms-residential-block-party,Neighbourhood Block Party,0,,,,,,,,A neighbourhood block party brings residents together. Grants +150 coins and +50 reputation.,1,Event,A neighbourhood block party brings residents together. Grants +150 coins and +50 reputation.,All,,150,50,,,,,,,,,,,,,,,,,A string of bunting flags between two brick houses with people gathered in the street.,,,,,,,,,,,pass,,pass,,,,
event,evt-ms-residential-farmers-market,Community Farmers Market,0,,,,,,,,A weekly farmers market opens on the high street. Grants +250 coins and +40 reputation to all Food businesses.,2,Event,A weekly farmers market opens on the high street. Grants +250 coins and +40 reputation to all Food businesses.,SpecificSynergy,Food,250,40,,,,,,,,,,,,,,,,,A wooden market stall overflowing with colourful vegetables and loaves of bread.,,,,,,,,,,,pass,,pass,,,,
event,evt-ms-residential-safety-initiative,Neighbourhood Watch Expansion,0,,,,,,,,The neighbourhood watch programme expands to every block. Grants +100 reputation to all businesses.,3,Event,The neighbourhood watch programme expands to every block. Grants +100 reputation to all businesses.,All,,0,100,,,,,,,,,,,,,,,,,A group of neighbours holding torches at a community meeting under street lamps.,,,,,,,,,,,pass,,pass,,,,
staff,stf-ms-residential-community-gardener,Community Gardener,200,,,,,,,,A specialist gardener who tends shared green spaces. Adds +1 hand slot with a small ongoing cost.,2,,,,,,,,,,,,,,,,45,1,,,,,,A watering can pouring water over a row of young seedlings in dark soil.,,,,,,Entertainment|Commerce,,,,,pass,,pass,,,,
community-space,cs-ms-residential-community-centre,Residential Community Centre,500,0,Culture|Entertainment,Residential Community Centre,1,70,,,A welcoming community centre for residential events and classes. Costs 30 coins per turn to run. Provides +70 reputation per turn and gains {SYNERGY_RATE} of base income per adjacent Culture or Entertainment business.,3,,,,,,,,,,,,,,,,30,,,,,,,A red-brick community hall with large windows and a Welcome banner above the door.,,,,,,,,,,,pass,,pass,,,,
