family,id,name,cost,baseIncome,synergyTypes,upgradePath,maxLevel,reputationPerTurn,synergyCoinBonus,synergyRepBonus,description,tier,trigger,effect,target,targetSynergy,coinDelta,reputationDelta,duration,effectType,multiplier,targetBusiness,incomeBonus,synergyRangeBonus,requiredLevel,reputationBonus,newDisplayName,ongoingCost,handSlotsAdded,refreshCostDiscount,actionsPerTurn,peekOncePerTurn,art_notes
business,biz-bakery,Bakery,300,230,Food,Bakery,2,5,,,Provides warm pastries. Gains {SYNERGY_RATE} of base income per adjacent Food business.,1,,,,,,,,,,,,,,,,75,,,,,"A golden bread roll with a scored top, steam rising in three wavy lines."
business,biz-diner,Diner,300,230,Food,Diner,2,5,,,Serves quick meals. Gains {SYNERGY_RATE} of base income per adjacent Food business.,1,,,,,,,,,,,,,,,,75,,,,,A chrome milkshake glass with a red-and-white striped straw and whipped cream on top.
business,biz-bookshop,Bookshop,300,230,Culture,Bookshop,1,5,,,Sells books. Gains {SYNERGY_RATE} of base income per adjacent Culture business.,1,,,,,,,,,,,,,,,,75,,,,,An open hardcover book with visible text lines and a blue bookmark ribbon hanging from the page edge.
business,biz-hardware,Hardware Store,300,230,Service,Hardware Store,1,5,,,Supplies tools. Gains {SYNERGY_RATE} of base income per adjacent Service business.,2,,,,,,,,,,,,,,,,75,,,,,A red-handled claw hammer resting diagonally across a silver wrench.
business,biz-pawnshop,Pawn Shop,300,230,Commerce,Pawn Shop,1,5,0,0,Trades second-hand goods. Does not provide or receive synergy bonuses.,2,,,,,,,,,,,,,,,,75,,,,,A gold diamond ring perched on a green velvet jewellery display stand.
business,biz-boutique,Boutique,300,230,Commerce,Boutique,1,5,,,Sells curated fashion. Gains {SYNERGY_RATE} of base income per adjacent Commerce business.,2,,,,,,,,,,,,,,,,75,,,,,A wooden hanger with a red ribbon bow hanging from its center notch.
business,biz-laundromat,Laundromat,400,290,Service,Laundromat,1,5,,,Provides self-serve laundry. Gains {SYNERGY_RATE} of base income per adjacent Service business.,1,,,,,,,,,,,,,,,,100,,,,,A stack of three folded white towels with a golden coin on top.
business,biz-barbershop,Barbershop,500,400,Service,Barbershop,1,8,,,Classic cuts and conversation. Gains {SYNERGY_RATE} of base income per adjacent Service business.,4,,,,,,,,,,,,,,,,125,,,,,A classic red-white-blue barber-pole spiral cylinder with a chrome wall bracket and spinning white light at its center.
business,biz-arcade,Arcade,400,290,Entertainment,Arcade,1,5,,,Retro fun for all ages. Gains {SYNERGY_RATE} of base income per adjacent Entertainment business.,3,,,,,,,,,,,,,,,,100,,,,,A retro joystick with a red ball-top and two white buttons on a black base.
business,biz-cinema,Cinema,500,350,Entertainment,Cinema,2,8,,,Shows the latest films. Gains {SYNERGY_RATE} of base income per adjacent Entertainment business.,5,,,,,,,,,,,,,,,,125,,,,,A silver movie film strip curled into a loop with a red film reel in the center.
business,biz-cafe,Cafe,700,520,Food|Culture,Cafe,1,10,,,Coffee and conversation. Bridges Food and Culture synergies.,8,,,,,,,,,,,,,,,,175,,,,,"A white ceramic coffee cup with a heart drawn in the crema, steam curling upward."
business,biz-food-truck,Food Truck,400,290,Food|Entertainment,Food Truck,1,5,,,Street eats with flair. Bridges Food and Entertainment synergies.,4,,,,,,,,,,,,,,,,100,,,,,A folded yellow flag waving from a small antenna on a food-cart roof.
business,biz-gallery,Art Gallery,1400,940,Culture|Entertainment,Art Gallery,1,25,0.5,10,Showcases local artists. Bridges Culture and Entertainment synergies.,12,,,,,,,,,,,,,,,,350,,,,,A blank white painter's easel with a blue palette holding five dabs of colour.
business,biz-spa,Day Spa,1400,940,Service|Entertainment,Day Spa,2,25,0.5,10,Relaxation and pampering. Bridges Service and Entertainment synergies.,11,,,,,,,,,,,,,,,,350,,,,,A smooth grey stone with a sprig of green eucalyptus leaves balanced on top.
business,biz-florist,Florist,500,350,Commerce|Culture,Florist,1,10,,,Beautiful arrangements for every occasion. Bridges Commerce and Culture synergies.,5,,,,,,,,,,,,,,,,125,,,,,A single red rose in full bloom wrapped in brown kraft paper.
business,biz-clinic,Clinic,900,0,Health,Clinic,1,40,0.5,10,Walk-in medical care for the community. Provides +20 reputation per turn. Gains {SYNERGY_RATE} of base income per adjacent Health business.,10,,,,,,,,,,,,,,,,50,,,,,A white medical cross inside a blue circle with a stethoscope draped over it.
business,biz-private-clinic,Private Clinic,1400,1090,Health,Private Clinic,1,25,0.5,10,A private medical practice focused on profitability. Gains {SYNERGY_RATE} of base income per adjacent Health business.,12,,,,,,,,,,,,,,,,350,,,,,A gold-framed door sign with the word PRIVATE and a small green laurel wreath.
business,biz-pharmacy,Pharmacy,700,520,Health,,0,10,,,Provides essential medications. Gains {SYNERGY_RATE} of base income per adjacent Health business.,8,,,,,,,,,,,,,,,,175,,,,,A white pill bottle with an orange label and a red cross on the cap.
business,biz-juice-bar,Juice Bar,500,350,Food|Health,,1,8,,,Fresh juices and smoothies. Bridges Food and Health synergies.,5,,,,,,,,,,,,,,,,125,,,,,A tall glass of orange juice with a paper umbrella and a slice of orange on the rim.
business,biz-yoga-studio,Yoga Studio,800,580,Culture|Health,,1,12,,,Calm practice space for mind and body. Bridges Culture and Health synergies.,9,,,,,,,,,,,,,,,,200,,,,,A person in a seated lotus pose with a small green candle at their feet.
business,biz-physio,Physiotherapy,1000,700,Health|Service,,0,15,,,Recovery and rehabilitation care. Bridges Health and Service synergies. Provides +10 reputation per turn.,11,,,,,,,,,,,,,,,,250,,,,,A grey foam roller with a red resistance band looped around its ends.
business,biz-tailor,Tailor,500,375,Service,,1,8,,,Custom tailoring and repairs. Gains {SYNERGY_RATE} of base income per adjacent Service business.,6,,,,,,,,,,,,,,,,125,,,,,A silver tailor's thimble with a needle threaded through its eye.
business,biz-gym,Gym,800,580,Health,,1,12,,,Fitness training for the whole street. Gains {SYNERGY_RATE} of base income per adjacent Health business.,9,,,,,,,,,,,,,,,,200,,,,,A black hexagonal dumbbell standing upright on its end with a textured rubber grip band around its middle.
business,biz-dentist,Dentist,1200,870,Health,,1,20,,,Smiles for the whole street. Gains {SYNERGY_RATE} of base income per adjacent Health business.,11,,,,,,,,,,,,,,,,300,,,,,A white tooth with a small silver mirror resting against its side.
business,biz-toy-store,Toy Store,500,375,Commerce,,1,8,,,Toys and games for young shoppers. Gains {SYNERGY_RATE} of base income per adjacent Commerce business.,6,,,,,,,,,,,,,,,,125,,,,,A red-and-white striped pinwheel with a golden center knob and five triangular blades.
business,biz-music-store,Music Store,800,580,Entertainment,,0,12,,,Records and instruments for every taste. Gains {SYNERGY_RATE} of base income per adjacent Entertainment business.,10,,,,,,,,,,,,,,,,200,,,,,A silver treble clef with two eighth notes floating to the right.
business,biz-delicatessen,Delicatessen,500,375,Food,,1,8,,,Fine meats and cheeses. Gains {SYNERGY_RATE} of base income per adjacent Food business.,7,,,,,,,,,,,,,,,,125,,,,,A wooden cutting board with a folded slice of cured ham and a wedge of cheese.
business,biz-craft-shop,Craft Shop,500,375,Culture,,0,8,,,Handmade goods by local makers. Gains {SYNERGY_RATE} of base income per adjacent Culture business.,7,,,,,,,,,,,,,,,,125,,,,,A pair of crossed wooden knitting needles with a strand of red yarn.
business,biz-hotel,Grand Hotel,1600,1210,Service,,0,30,,,Premier lodging on Main Street. Gains {SYNERGY_RATE} of base income per adjacent Service business. Provides +10 reputation per turn.,12,,,,,,,,,,,,,,,,400,,,,,A small brown doorknob with a rectangular brass hotel key card beside it.
business,biz-teahouse,Teahouse,700,495,Food|Culture,,1,10,,,Loose-leaf teas and quiet corners. Bridges Food and Culture synergies.,7,,,,,,,,,,,,,,,,175,,,,,A round glass teapot with a wooden handle and a tea bag tag hanging over the rim.
community-space,cs-park,Park,300,0,Entertainment,Park,1,,,,Offers leisure space. Gains {SYNERGY_RATE} of base income per adjacent Entertainment business or community space.,1,,,,,,,,,,,,,,,,,,,,,A green park bench with an open newspaper lying on its seat.
community-space,cs-library,Library,700,0,Culture,Library,1,10,,,A quiet community space for reading and learning. Costs 25 coins per turn to run and provides +10 reputation per turn.,1,,,,,,,,,,,,,,,,25,,,,,A tall bookshelf stacked with three differently-coloured books and a brass reading lamp.
community-space,cs-playground,Playground,400,0,Entertainment,,1,5,,,A safe place for kids to play. Provides +5 reputation per turn. Gains {SYNERGY_RATE} of base income per adjacent Entertainment business or community space.,3,,,,,,,,,,,,,,,,,,,,,A yellow metal playground slide with a small ladder at the top.
community-space,cs-community-garden,Community Garden,500,0,Food,,1,10,,,A shared garden plot for the neighbourhood. Costs 10 coins per turn to run and provides +10 reputation per turn.,4,,,,,,,,,,,,,,,,10,,,,,A wooden planter box with a green sprout emerging from dark soil.
community-space,cs-fountain,Town Fountain,500,0,Culture,,1,10,,,A gathering spot around the fountain. Provides +10 reputation per turn. Gains {SYNERGY_RATE} of base income per adjacent Culture business or community space.,5,,,,,,,,,,,,,,,,,,,,,A stone basin with three water jets spraying upward in an arc.
community-space,cs-health-kiosk,Health Kiosk,600,0,Health,,1,15,,,A walk-up health advice kiosk. Costs 15 coins per turn to run and provides +15 reputation per turn.,8,,,,,,,,,,,,,,,,15,,,,,A small green kiosk booth with a red cross on the window.
community-space,cs-shelter,Community Shelter,600,0,Service,,0,15,,,A warm shelter for those in need. Provides +15 reputation per turn. Gains {SYNERGY_RATE} of base income per adjacent Service business or community space.,3,,,,,,,,,,,,,,,,,,,,,A brown wooden house with a triangular roof and a warm yellow window.
community-space,cs-public-art,Public Art,800,0,Culture|Entertainment,,0,20,,,A vibrant public sculpture. Costs 25 coins per turn to run and provides +20 reputation per turn. Bridges Culture and Entertainment community spaces.,12,,,,,,,,,,,,,,,,25,,,,,A tall grey stone pedestal with a bronze abstract sculpture shaped like a spiral.
event,evt-festival,Local Festival,300,,,,,,,,,1,Investment,+2 coins to all Culture businesses and +1 reputation.,SpecificSynergy,Culture,200,100,,,,,,,,,,,,,,,A string of triangular bunting flags stretched between two wooden poles.
event,evt-rainy,Rainy Day,0,,,,,,,,,1,Incident,-1 coin to all Food businesses this turn.,SpecificSynergy,Food,-100,0,,,,,,,,,,,,,,,A glass umbrella with raindrops beading on its surface and dark grey clouds above.
event,evt-tax,Tax Audit,0,,,,,,,,,1,Incident,Lose 3 coins.,All,,-300,0,,,,,,,,,,,,,,,A rolled document tied with a red ribbon and stamped with a red TAX seal.
event,evt-award,Community Award,0,,,,,,,,,1,Incident,Gain 2 reputation from community recognition.,All,,0,200,,,,,,,,,,,,,,,A golden trophy cup with two handles on a rectangular pedestal.
event,evt-inspection,Health Inspection,0,,,,,,,,,2,Incident,-2 coins per Food business and -1 reputation.,SpecificSynergy,Food,-200,-100,,,,,,,,,,,,,,,A clipboard with a red stamp and a checklist with one unchecked box.
event,evt-grand-opening,Grand Opening Sale,300,,,,,,,,,2,Investment,+3 coins from a Commerce promotion.,SpecificSynergy,Commerce,450,0,,,,,,,,,,,,,,,A large red ribbon stretched across a doorway with gold scissors to the right.
event,evt-wellness-fair,Wellness Fair,300,,,,,,,,,3,Investment,+2 coins per Health business and +1 reputation.,SpecificSynergy,Health,200,150,,,,,,,,,,,,,,,A folded map with a green cross marked with a red circle and a compass rose beside it.
event,evt-block-party,Block Party,500,,,,,,,,,3,Investment,+2 coins per Entertainment business and +2 reputation.,SpecificSynergy,Entertainment,250,350,,,,,,,,,,,,,,,A street blocked by a barricade of orange traffic cones and a ROAD CLOSED sign.
event,evt-charity-drive,Charity Drive,900,,,,,,,,,5,Investment,+3 reputation from generous donations.,All,,0,1350,,,,,,,,,,,,,,,A red donation box with a white envelope sliding into its slot.
event,evt-power-outage,Power Outage,0,,,,,,,,,8,Incident,-2 coins from lost business during the outage.,All,,-200,0,,,,,,,,,,,,,,,A black light bulb with a broken filament and dark cracks around its base.
event,evt-shoplifting,Shoplifting Spree,0,,,,,,,,,10,Incident,-2 coins per Commerce business from theft losses.,SpecificSynergy,Commerce,-200,0,,,,,,,,,,,,,,,A pair of black-gloved hands reaching into an open black wallet.
event,evt-noise-complaint,Noise Complaint,0,,,,,,,,,2,Incident,-1 coin per Entertainment business and -1 reputation.,SpecificSynergy,Entertainment,-100,-100,,,,,,,,,,,,,,,A black megaphone with jagged red sound waves radiating outward toward a barred window.
event,evt-pipe-burst,Pipe Burst,0,,,,,,,,,9,Incident,-2 coins per Service business from water damage.,SpecificSynergy,Service,-200,0,,,,,,,,,,,,,,,A cracked metal pipe with blue water spraying diagonally from the break.
event,evt-food-critic,Food Critic Visit,0,,,,,,,,,6,Incident,+1 coin per Food business and +1 reputation from a glowing review.,SpecificSynergy,Food,100,100,,,,,,,,,,,,,,,A black chef hat perched on a silver fork and knife crossed below.
event,evt-construction,Road Construction,0,,,,,,,,,6,Incident,-1 coin to all businesses from reduced foot traffic.,All,,-100,0,,,,,,,,,,,,,,,A yellow road work sign with a black excavator silhouette on a white background.
event,evt-viral-review,Viral Review,0,,,,,,,,,10,Incident,+2 coins and +1 reputation from sudden online fame.,All,,200,100,,,,,,,,,,,,,,,A smartphone showing a red notification badge with the number 99+.
event,evt-vandalism,Vandalism,0,,,,,,,,,11,Incident,-1 coin to all businesses and -1 reputation.,All,,-100,-100,,,,,,,,,,,,,,,A spray-painted X in black on a brick wall with drips running down.
event,evt-flu-outbreak,Flu Outbreak,100,,,,,,,,,9,Incident,All businesses generate 80% income for 5 turns. Duration reduced by Clinic/Medical Center.,All,,0,0,5,income-multiplier,0.8,,,,,,,,,,,,A white tissue with a red cross and two small green germ icons beside it.
event,evt-recession,Economic Recession,100,,,,,,,,,9,Incident,All businesses generate 70% income for 4 turns. Duration reduced by Clinic/Medical Center.,All,,0,0,4,income-multiplier,0.7,,,,,,,,,,,,A black bar chart with three descending bars and a red downward arrow.
event,evt-harvest-festival,Harvest Festival,900,,,,,,,,,11,Investment,+2 coins to each Food business and +1 reputation from a bountiful harvest celebration.,SpecificSynergy,Food,600,450,,,,,,,,,,,,,,,A wooden crate overflowing with orange pumpkins and red apples.
event,evt-health-campaign,Health Campaign,500,,,,,,,,,4,Investment,+1 coin to each Health business and +1 reputation from a wellness initiative.,SpecificSynergy,Health,150,300,,,,,,,,,,,,,,,A white megaphone with a green heart symbol on its side.
event,evt-street-performer,Street Performer,500,,,,,,,,,4,Investment,+2 coins to each Entertainment business from a popular busker drawing crowds.,SpecificSynergy,Entertainment,500,0,,,,,,,,,,,,,,,A brown acoustic guitar leaning against a wooden music stand.
event,evt-bulk-purchase,Bulk Purchase,900,,,,,,,,,11,Investment,+1 coin to each Commerce business and +2 reputation from collective buying power.,SpecificSynergy,Commerce,300,950,,,,,,,,,,,,,,,A stack of three brown cardboard boxes tied with red twine.
event,evt-book-fair,Book Fair,900,,,,,,,,,11,Investment,+1 coin to each Culture business and +2 reputation from literary events.,SpecificSynergy,Culture,300,950,,,,,,,,,,,,,,,A pile of four books in different colours with a gold bookmark sticking out of the top.
event,evt-volunteer-day,Volunteer Day,1400,,,,,,,,,11,Investment,+1 coin to each Service business and +2 reputation from community volunteering.,SpecificSynergy,Service,700,1400,,,,,,,,,,,,,,,A pair of hands clasped together with a green ribbon wrapped around the wrists.
event,evt-community-garden,Community Garden,700,,,,,,,,,2,Investment,+1 coin and +1 reputation from a new community garden project.,All,,350,450,,,,,,,,,,,,,,,A wheelbarrow filled with dark soil and a green seedling.
event,evt-festival-season,Festival Season,700,,,,,,,,,12,Investment,+3 coins from increased tourist spending during festival season.,All,,550,0,,,,,,,,,,,,,,,"A garland of round paper lanterns in red, gold, and green."
event,evt-protest,Protest,100,,,,,,,,,6,Incident,-2 coins from reduced foot traffic and -1 reputation from negative publicity.,All,,-200,-100,,,,,,,,,,,,,,,A raised fist holding a red sign on a wooden stick.
event,evt-supply-chain,Supply Chain Delay,100,,,,,,,,,12,Incident,-2 coins per Commerce business from delayed inventory.,SpecificSynergy,Commerce,-200,0,,,,,,,,,,,,,,,Three broken grey chain links lying apart on a wooden surface.
event,evt-power-surge,Power Surge,100,,,,,,,,,6,Incident,-2 coins per Service business from equipment damage.,SpecificSynergy,Service,-200,0,,,,,,,,,,,,,,,A yellow lightning bolt striking a black electrical plug with sparks scattering at the contact point.
event,evt-strike,Strike,100,,,,,,,,,12,Incident,-2 coins from work stoppages affecting the street.,All,,-200,0,,,,,,,,,,,,,,,A red picket sign with a black outline of a crossed-out worker.
event,evt-heatwave,Heatwave,100,,,,,,,,,9,Incident,-1 coin per Food business from spoiled goods and -1 reputation.,SpecificSynergy,Food,-100,-100,,,,,,,,,,,,,,,A thermometer with a red mercury line rising above a DANGER zone.
event,evt-pest-infestation,Pest Infestation,100,,,,,,,,,10,Incident,-2 coins per Food business from health-related closures.,SpecificSynergy,Food,-200,0,,,,,,,,,,,,,,,A black silhouette of a beetle with six legs and two antennae.
event,evt-slow-season,Slow Season,100,,,,,,,,,10,Incident,-1 coin to all businesses from reduced customer traffic.,All,,-100,0,,,,,,,,,,,,,,,An hourglass with sand nearly depleted at the bottom and a slow trickle above.
event,evt-good-press,Good Press,100,,,,,,,,,3,Incident,+1 reputation from a favourable news article about Main Street.,All,,0,100,,,,,,,,,,,,,,,A rolled newspaper with a bold headline banner and a black quill pen.
event,evt-tourist-bus,Tourist Bus,100,,,,,,,,,4,Incident,+2 coins per Entertainment business from a tour bus dropping visitors.,SpecificSynergy,Entertainment,200,0,,,,,,,,,,,,,,,A yellow double-decker bus viewed from the side with a red roof.
event,evt-cultural-grant,Cultural Grant,100,,,,,,,,,8,Incident,+1 coin per Culture business and +1 reputation from a government arts grant.,SpecificSynergy,Culture,100,100,,,,,,,,,,,,,,,A gold coin stamped with a blue music note and a red star.
event,evt-health-carnival,Health Carnival,500,,,,,,,,A street-wide health carnival. +2 coins to all Health businesses and +1 reputation.,7,Investment,+2 coins to all Health businesses and +1 reputation.,SpecificSynergy,Health,200,100,,,,,,,,,,,,,,,A red-and-white striped carnival tent with a small green cross on its flap.
event,evt-food-tasting,Food Tasting Tour,500,,,,,,,,A guided tasting tour of the street. +2 coins to all Food businesses and +1 reputation.,7,Investment,+2 coins to all Food businesses and +1 reputation.,SpecificSynergy,Food,200,100,,,,,,,,,,,,,,,A silver tasting spoon with a drop of red sauce on its tip.
event,evt-art-sale,Art Sale,500,,,,,,,,A street-wide art sale. +2 coins to all Culture businesses and +1 reputation.,7,Investment,+2 coins to all Culture businesses and +1 reputation.,SpecificSynergy,Culture,200,100,,,,,,,,,,,,,,,A small canvas easel displaying a miniature painting of a blue landscape.
event,evt-shopping-spree,Shopping Spree,700,,,,,,,,A city-wide shopping spree. +2.5 coins to all Commerce businesses.,8,Investment,+2.5 coins to all Commerce businesses.,SpecificSynergy,Commerce,250,0,,,,,,,,,,,,,,,"Three shopping bags — red, blue, and yellow — with handles looped together."
event,evt-summer-fest,Summer Fest,700,,,,,,,,A lively summer festival. +2 coins to all Entertainment businesses and +1 reputation.,8,Investment,+2 coins to all Entertainment businesses and +1 reputation.,SpecificSynergy,Entertainment,200,100,,,,,,,,,,,,,,,A yellow sun with radiating rays and a pair of blue sunglasses resting on its center.
event,evt-service-week,Service Week,700,,,,,,,,A week celebrating local services. +2 coins to all Service businesses and +1 reputation.,8,Investment,+2 coins to all Service businesses and +1 reputation.,SpecificSynergy,Service,200,100,,,,,,,,,,,,,,,A silver badge with a green ribbon and a small gear icon in the center.
event,evt-tourist-season,Tourist Season,1000,,,,,,,,A record tourist season. All businesses generate 115% income for 3 turns.,12,Investment,All businesses generate 115% income for 3 turns.,All,,0,0,3,income-multiplier,1.15,,,,,,,,,,,,A red compass rose with a yellow star at its center and an arrow pointing up.
event,evt-community-renovation,Community Renovation,1000,,,,,,,,A street-wide renovation project. All reputation income boosted to 120% for 4 turns.,12,Investment,All reputation income boosted to 120% for 4 turns.,All,,0,0,4,rep-multiplier,1.2,,,,,,,,,,,,A yellow hard hat resting on a stack of three paint cans.
event,evt-graffiti,Graffiti,0,,,,,,,,Vandals strike overnight. -1 coin to all businesses and -1 reputation.,2,Incident,-1 coin to all businesses and -1 reputation.,All,,-100,-100,,,,,,,,,,,,,,,A chaotic black spray-paint tag scrawled across a brick wall with paint drips running down.
event,evt-graffiti-art,Graffiti Art,0,,,,,,,,Artists transform the street with murals. +1 reputation.,3,Incident,+1 reputation.,All,,0,100,,,,,,,,,,,,,,,A colorful spray-paint mural of a smiling sun and green trees on a brick wall.
event,evt-water-main,Water Main Break,0,,,,,,,,A burst main floods the block. -2 coins per Service business.,4,Incident,-2 coins per Service business.,SpecificSynergy,Service,-200,0,,,,,,,,,,,,,,,A burst pipe with water gushing upward and yellow caution tape wrapped around it.
event,evt-parking-tickets,Parking Enforcement,0,,,,,,,,A ticketing blitz hits the street. -1 coin per Commerce business.,4,Incident,-1 coin per Commerce business.,SpecificSynergy,Commerce,-100,0,,,,,,,,,,,,,,,A yellow parking ticket receipt with a red TICKET stamp.
event,evt-labor-shortage,Labor Shortage,0,,,,,,,,A labour shortage slows the street. All businesses generate 90% income for 3 turns.,7,Incident,All businesses generate 90% income for 3 turns.,All,,0,0,3,income-multiplier,0.9,,,,,,,,,,,,A pair of empty work gloves hanging on a hook with a question mark in the background.
event,evt-movie-premiere,Movie Premiere,0,,,,,,,,A blockbuster premiere draws crowds. +1 coin per Entertainment business and +1 reputation.,5,Incident,+1 coin per Entertainment business and +1 reputation.,SpecificSynergy,Entertainment,100,100,,,,,,,,,,,,,,,A red film reel with a gold spotlight shining onto its center.
event,evt-health-screening,Free Health Screening,0,,,,,,,,A free screening day boosts well-being. +1 reputation.,5,Incident,+1 reputation.,SpecificSynergy,Health,0,100,,,,,,,,,,,,,,,A white medical clipboard with a green checkmark on the form.
event,evt-farmers-market,Farmers Market Day,0,,,,,,,,A bustling farmers market. +1 coin per Food business and +1 reputation.,5,Incident,+1 coin per Food business and +1 reputation.,SpecificSynergy,Food,100,100,,,,,,,,,,,,,,,A wooden crate filled with red tomatoes and green leafy vegetables.
event,evt-library-reading,Children's Story Hour,0,,,,,,,,A beloved story hour warms the street. +1 reputation.,3,Incident,+1 reputation from a beloved story hour.,SpecificSynergy,Culture,0,100,,,,,,,,,,,,,,,"An open picture book with an illustration of a cat, a small reading lamp beside it."
event,evt-street-cleaning,Street Cleaning,0,,,,,,,,"The street gets a thorough clean. Nothing changes, but the street feels fresher.",3,Incident,No effect.,All,,0,0,,,,,,,,,,,,,,,A green broom with straw bristles leaning against a brown dustpan.
event,evt-neighborhood-watch,Neighborhood Watch,0,,,,,,,,Residents look out for each other. -1 coin but +1 reputation.,5,Incident,-1 coin but +1 reputation.,All,,-100,100,,,,,,,,,,,,,,,An open eye with a yellow iris surrounded by a green border.
upgrade,upg-patisserie,Upgrade to Patisserie,300,,,,,,,,"Turns a Bakery into a Patisserie, increasing income and synergy range.",1,,,,,,,,,,Bakery,100,1,0,,Patisserie,,,,,,A golden croissant with visible flaky layers and a dusting of powdered sugar.
upgrade,upg-bistro,Upgrade to Bistro,300,,,,,,,,Turns a Diner into a Bistro with higher foot-traffic.,1,,,,,,,,,,Diner,100,1,0,,Bistro,,,,,,"A folded white napkin tied with a red ribbon, placed beside a wine glass."
upgrade,upg-readers-cafe,Upgrade to Reader's Café,300,,,,,,,,"Transforms the Bookshop into a Reader's Café, blending books with café culture for a reputation boost.",1,,,,,,,,,,Bookshop,100,0,0,10,Reader's Café,,,,,,An open book with a steaming coffee cup sitting on its pages.
upgrade,upg-garden,Upgrade to Garden,300,,,,,,,,Expands the Park into a Garden with extended cultural reach.,1,,,,,,,,,,Park,100,1,0,,Garden,,,,,,A small garden archway covered in climbing green ivy with a wooden trellis at its base.
upgrade,upg-home-improvement,Upgrade to Home Improvement,700,,,,,,,,Transforms the Hardware Store into a Home Improvement center.,3,,,,,,,,,,Hardware Store,200,1,0,100,Home Improvement,,,,,,A yellow house-shaped icon with a wrench and screwdriver crossed behind it.
upgrade,upg-vintage-shop,Upgrade to Vintage Shop,300,,,,,,,,Rebrands the Pawn Shop as a trendy Vintage Shop.,3,,,,,,,,,,Pawn Shop,100,0,0,,Vintage Shop,,,,,,A brass key with an ornate bow and a 1899 stamp on its shaft.
upgrade,upg-designer-store,Upgrade to Designer Store,700,,,,,,,,Elevates the Boutique to a Designer Store with premium clientele.,2,,,,,,,,,,Boutique,200,1,0,100,Designer Store,,,,,,A silver D monogram on a black diamond-shaped plaque with a gold filigree border around its edge.
upgrade,upg-dry-cleaners,Upgrade to Dry Cleaners,300,,,,,,,,Upgrades the Laundromat to a full-service Dry Cleaners.,3,,,,,,,,,,Laundromat,100,0,0,,Dry Cleaners,,,,,,A hanger with a white garment bag and a blue DRY CLEAN tag.
upgrade,upg-salon,Upgrade to Salon,900,,,,,,,,Expands the Barbershop into a modern Salon.,4,,,,,,,,,,Barbershop,300,1,0,100,Salon,,,,,,A silver hairdryer with a curler attachment and a green ribbon.
upgrade,upg-gaming-lounge,Upgrade to Gaming Lounge,700,,,,,,,,Transforms the Arcade into a state-of-the-art Gaming Lounge.,3,,,,,,,,,,Arcade,200,1,0,100,Gaming Lounge,,,,,,A black video-game controller with two joysticks and a screen reflection.
upgrade,upg-imax,Upgrade to IMAX Theater,700,,,,,,,,Upgrades the Cinema to an IMAX Theater with premium experience.,8,,,,,,,,,,Cinema,300,1,0,100,IMAX Theater,,,,,,A giant silver screen with a gold IMAX plaque beside it.
upgrade,upg-roastery,Upgrade to Roastery,900,,,,,,,,Turns the Cafe into a specialty Roastery with artisan appeal.,8,,,,,,,,,,Cafe,300,1,0,100,Roastery,,,,,,A brown paper bag with steam rising and a green coffee bean icon.
upgrade,upg-gourmet-truck,Upgrade to Gourmet Truck,300,,,,,,,,Elevates the Food Truck with gourmet offerings.,4,,,,,,,,,,Food Truck,150,0,0,,Gourmet Truck,,,,,,A silver chef hat with a steam curl and a fork resting on top.
upgrade,upg-museum,Upgrade to Museum,700,,,,,,,,Expands the Art Gallery into a full Museum.,12,,,,,,,,,,Art Gallery,200,1,0,100,Museum,,,,,,A grand marble building facade with four white columns and a triangular pediment.
upgrade,upg-resort-spa,Upgrade to Resort Spa,900,,,,,,,,Transforms the Day Spa into a luxurious Resort Spa.,11,,,,,,,,,,Day Spa,350,1,0,100,Resort Spa,,,,,,A folded white towel with a red lotus flower and a smooth grey stone on top.
upgrade,upg-garden-center,Upgrade to Garden Center,700,,,,,,,,Expands the Florist into a full Garden Center.,6,,,,,,,,,,Florist,200,1,0,100,Garden Center,,,,,,A terracotta pot with a green succulent and a small watering can beside it.
upgrade,upg-medical-center,Upgrade to Medical Center,300,,,,,,,,Upgrades the Clinic to a comprehensive Medical Center. Provides +10 reputation per turn.,10,,,,,,,,,,Clinic,0,1,0,10,Medical Center,,,,,,A large red cross with a white medical building behind it.
upgrade,upg-private-medical-center,Upgrade to Private Medical Center,900,,,,,,,,Expands the Private Clinic into a high-revenue Private Medical Center.,12,,,,,,,,,,Private Clinic,450,1,0,100,Private Medical Center,,,,,,A golden cross with a blue P initial inside a shield shape.
upgrade,upg-bread-factory,Upgrade to Bread Factory,700,,,,,,,,"Scales the Bakery into a high-volume Bread Factory. More income, no range boost.",2,,,,,,,,,,Bakery,500,1,0,100,Bread Factory,,,,,,A conveyor belt with three loaves of bread moving along it.
upgrade,upg-fast-food,Upgrade to Fast Food,700,,,,,,,,"Converts the Diner to a Fast Food outlet. Higher income, smaller synergy radius.",2,,,,,,,,,,Diner,500,1,0,100,Fast Food,,,,,,A red paper bag with a golden arch symbol on its side.
upgrade,upg-drive-in,Upgrade to Drive-In Theater,700,,,,,,,,Turns the Cinema into a Drive-In Theater with a much wider community reach.,8,,,,,,,,,,Cinema,200,2,0,100,Drive-In Theater,,,,,,A portable projector casting a beam onto a white outdoor screen.
upgrade,upg-wellness-center,Upgrade to Wellness Center,900,,,,,,,,Expands the Day Spa into a Wellness Center with a broader service footprint.,11,,,,,,,,,,Day Spa,250,2,0,100,Wellness Center,,,,,,A green leaf with a silver heartbeat line running through it.
upgrade,upg-grand-bakehouse,Upgrade to Grand Bakehouse,900,,,,,,,,The pinnacle of baking craft — a Grand Bakehouse drawing visitors from afar.,12,,,,,,,,,,Bakery,350,1,1,100,Grand Bakehouse,,,,,,A brick oven with flames visible through its arched opening and a peel resting beside it.
upgrade,upg-restaurant,Upgrade to Restaurant,1400,,,,,,,,Elevates the Diner all the way to a full-service Restaurant.,10,,,,,,,,,,Diner,550,1,1,100,Restaurant,,,,,,A chef toque above crossed silver fork and knife on a white plate.
upgrade,upg-multiplex,Upgrade to Multiplex,1400,,,,,,,,A massive Multiplex complex — the entertainment heart of Main Street.,9,,,,,,,,,,Cinema,700,1,1,100,Multiplex,,,,,,Five stacked silver screen rectangles in decreasing size with a golden marquee.
upgrade,upg-luxury-retreat,Upgrade to Luxury Retreat,1400,,,,,,,,A destination Luxury Retreat — the most prestigious business on the street.,11,,,,,,,,,,Day Spa,700,1,1,100,Luxury Retreat,,,,,,A gold-framed resort entrance with a marble fountain and a red welcome banner.
upgrade,upg-community-hub,Upgrade to Community Hub,400,,,,,,,,Transforms the Library into a Community Hub providing +10 reputation per turn.,10,,,,,,,,,,Library,,,0,10,Community Hub,,,,,,A round meeting table with five chairs and a green plant in the center.
upgrade,upg-smoothie-bar,Upgrade to Smoothie Bar,400,,,,,,,,Turns a Juice Bar into a Smoothie Bar with higher income.,5,,,,,,,,,,Juice Bar,100,0,0,,Smoothie Bar,,,,,,"A tall glass with a pink smoothie, a straw, and a blueberry on the rim."
upgrade,upg-wellness-retreat,Upgrade to Wellness Retreat,500,,,,,,,,Expands the Yoga Studio into a full Wellness Retreat.,9,,,,,,,,,,Yoga Studio,150,1,0,,Wellness Retreat,,,,,,A zen rock stack of three smooth stones with a green lotus in front.
upgrade,upg-fitness-center,Upgrade to Fitness Center,500,,,,,,,,Expands the Gym into a full Fitness Center.,9,,,,,,,,,,Gym,150,1,0,,Fitness Center,,,,,,A silver dumbbell with a green lightning bolt symbol on its side.
upgrade,upg-dental-clinic,Upgrade to Dental Clinic,700,,,,,,,,Expands the Dentist into a full Dental Clinic.,11,,,,,,,,,,Dentist,200,1,0,,Dental Clinic,,,,,,A silver toothbrush with blue bristles and a white tooth behind it.
upgrade,upg-bespoke-tailor,Upgrade to Bespoke Tailor,400,,,,,,,,Elevates the Tailor into a Bespoke Tailor.,6,,,,,,,,,,Tailor,100,0,0,,Bespoke Tailor,,,,,,A silver tailor chalk marker with a red measuring tape coiled beside it.
upgrade,upg-toy-warehouse,Upgrade to Toy Warehouse,400,,,,,,,,Scales the Toy Store into a Toy Warehouse with wider reach.,6,,,,,,,,,,Toy Store,100,1,0,,Toy Warehouse,,,,,,A large brown cardboard box with three smaller boxes stacked inside.
upgrade,upg-tea-lounge,Upgrade to Tea Lounge,400,,,,,,,,Turns the Teahouse into a Tea Lounge with a reputation boost.,7,,,,,,,,,,Teahouse,100,0,0,10,Tea Lounge,,,,,,A ceramic teacup on a saucer with a sprig of green mint leaves.
upgrade,upg-gourmet-deli,Upgrade to Gourmet Deli,400,,,,,,,,Elevates the Delicatessen into a Gourmet Deli.,7,,,,,,,,,,Delicatessen,150,0,0,,Gourmet Deli,,,,,,A silver charcuterie board with a wedge of cheese and a cluster of grapes.
upgrade,upg-adventure-park,Upgrade to Adventure Park,300,,,,,,,,Expands the Playground into an Adventure Park with +5 reputation per turn.,4,,,,,,,,,,Playground,0,0,0,5,Adventure Park,,,,,,A wooden climbing frame with a rope net and a flag on top.
upgrade,upg-orchard,Upgrade to Orchard,300,,,,,,,,Expands the Community Garden into an Orchard with +5 reputation per turn.,5,,,,,,,,,,Community Garden,0,0,0,5,Orchard,,,,,,An apple tree with three red apples hanging from its branches.
upgrade,upg-grand-fountain,Upgrade to Grand Fountain,300,,,,,,,,Rebuilds the Town Fountain as a Grand Fountain with +5 reputation per turn.,5,,,,,,,,,,Town Fountain,0,0,0,5,Grand Fountain,,,,,,An ornate stone fountain with five water jets and a bronze angel statue.
upgrade,upg-health-center,Upgrade to Health Center,400,,,,,,,,Expands the Health Kiosk into a Health Center with +5 reputation per turn.,8,,,,,,,,,,Health Kiosk,0,0,0,5,Health Center,,,,,,A white building with a large red cross and a green door.
staff,staff-assistant,Assistant,300,,,,,,,,Hire an assistant to help manage your hand. Adds +1 hand slot with a small ongoing cost.,2,,,,,,,,,,,,,,,,100,1,,,,A yellow name tag reading ASSISTANT with a silver pin on its side.
staff,staff-manager,Manager,700,,,,,,,,A skilled manager keeps things organised. Adds +2 hand slots with a moderate ongoing cost.,3,,,,,,,,,,,,,,,,250,2,,,,A leather-bound planner with a silver pen clipped to its cover.
staff,staff-director,Director,1400,,,,,,,,An experienced director oversees your operations. Adds +3 hand slots with a high ongoing cost.,9,,,,,,,,,,,,,,,,400,3,,,,A gold-framed office door plaque with DIRECTOR engraved in black letters.
staff,staff-apprentice,Apprentice,200,,,,,,,,A budget hire who frees up a hand slot with a small ongoing cost.,1,,,,,,,,,,,,,,,,50,1,,,,A brown leather satchel with a small notebook peeking from the top.
staff,staff-executive,Executive,2000,,,,,,,,An experienced executive adds major hand capacity at a high ongoing cost.,10,,,,,,,,,,,,,,,,500,4,,,,A navy blue suit jacket draped over a wooden chair with a gold pocket watch.
staff,staff-socialite,Socialite,800,,,,,10,,,A charming socialite adds +1 hand slot and +10 reputation per turn.,4,,,,,,,,,,,,,,,,150,1,,,,A champagne flute with golden bubbles and a red rose perched on the rim.
staff,staff-accountant,Accountant,800,,,,,,,,A meticulous accountant adds +1 hand slot and makes investment refreshes cost 1 less.,6,,,,,,,,,,,,,,,,150,1,1,,,A leather-bound ledger book with a gold calculator resting on top.
staff,staff-general-manager,General Manager,2000,,,,,,,,Hire an experienced manager who grants an extra action per day. Adds +4 hand slots with a moderate ongoing cost.,12,,,,,,,,,,,,,,,,500,4,,1,,A silver stopwatch with a leather wrist strap and a stop/go button.
staff,staff-lookout,Lookout,1000,,,,,,,,A sharp-eyed lookout can peek at the top card of the incident deck once per turn.,7,,,,,,,,,,,,,,,,200,1,,,1,A pair of silver binoculars with a red target reticle in the center lens.
staff,staff-barista,Barista,300,,,,,,,,A skilled barista brings warmth to any business. Adjacent Food businesses gain +20 synergy coins.,2,,,,,,,,,,,,,,,,50,,,,,A green coffee cup with a latte art heart and a steaming handle.
staff,staff-security,Security Guard,700,,,,,,,,Experienced guard watches over the street. Reduces all incident coin damage by 10%.,3,,,,,,,,,,,,,,,,75,,,,,A black walkie-talkie with a silver antenna and a green status light.
staff,staff-marketing,Marketing Consultant,700,,,,,,,,Expert at drawing crowds. Businesses gain +10% reputation from all sources.,3,,,,,,,,,,,,,,,,100,,,,,A megaphone with a golden sound wave and a bullseye target beside it.
staff,staff-bookkeeper,Bookkeeper,300,,,,,,,,Keeps the books tight. Reduces this business ongoing cost by 20%.,2,,,,,,,,,,,,,,,,50,,,,,A silver abacus with blue beads on a wooden frame.
staff,staff-customer-rep,Customer Service Rep,300,,,,,,,,Ensures every visitor leaves satisfied. Adjacent businesses gain +10 synergy reputation.,2,,,,,,,,,,,,,,,,50,,,,,A silver headset with a microphone boom and a green ON LINE light.
staff,staff-it,IT Specialist,800,,,,,,,,Modernizes operations. Reduces this business refresh cost by 1.,4,,,,,,,,,,,,,,,,100,,,,,A laptop displaying a blue terminal window with green command-line text.
staff,staff-health-safety,Health & Safety Inspector,800,,,,,,,,Keeps everything up to code. Reduces incident frequency by 10% for Health businesses.,4,,,,,,,,,,,,,,,,100,,,,,A yellow hard hat with a green safety badge and a red cross on its front.
staff,staff-event-planner,Event Planner,700,,,,,,,,Creates buzz and draws visitors. +1 synergy coin per turn from Entertainment businesses.,3,,,,,,,,,,,,,,,,75,,,,,A rolled-up event poster tied with a gold ribbon and a golden pen.
staff,staff-delivery,Delivery Driver,300,,,,,,,,Handles the logistics. Reduces business card purchase cost by 50 for this business.,2,,,,,,,,,,,,,,,,50,,,,,A brown delivery backpack with a green arrow pointing forward.
staff,staff-pr,PR Officer,800,,,,,,,,Manages the street image. +15 reputation per turn from all businesses.,4,,,,,,,,,,,,,,,,100,,,,,A silver press pass on a lanyard with a golden microphone icon.
staff,staff-financial,Financial Advisor,1000,,,,,,,,Smart investments pay off. Reduces this business upgrade cost by 1.,5,,,,,,,,,,,,,,,,125,,,,,A silver piggy bank with a golden coin slot and a green dollar sign.
staff,staff-maintenance,Maintenance Worker,700,,,,,,,,Keeps everything running smoothly. Reduces incident reputation damage by 50.,3,,,,,,,,,,,,,,,,75,,,,,A blue tool belt with a silver wrench and a coiled yellow measuring tape.
